{"cameraMode":{"drawMode":0,"name":"Shaded","section":"Shading Mode"},"sceneLighting":false,"audioPlay":false,"sceneViewState":{"showFog":true,"showMaterialUpdate":false,"showSkybox":true,"showFlares":true,"showImageEffects":true,"showParticleSystems":true},"in2DMode":false,"pivot":{"x":-0.1457904577255249,"y":0.05590202659368515,"z":-0.442169189453125},"rotation":{"x":-0.0011137574911117554,"y":0.9966523051261902,"z":-0.013764025643467904,"w":-0.08060372620820999},"size":0.3999999165534973,"orthographic":false}